time_min,Output_pct,ScaledInput_degC,degC_per_h,CumulOut_degC
0.0,0,21.2,4.019810735235861,21.2
0.083335,0,21.1,3.5527831423595133,21.2
0.16676216666666666,0,21.1,3.1579682594313856,21.2
0.2505235,0,21.2,2.8225351942895673,21.2
0.3341925,0,21.2,2.5359731975254998,21.2
0.41753133333333337,0,21.2,2.2895015656962068,21.2
0.5010591666666666,0,21.2,2.0763857939541333,21.2
0.5846396666666667,0,21.2,1.8906312451186926,21.2
0.6681871666666667,0,21.2,2.754663401637103,21.2
0.7515821666666667,0,21.2,3.3584947890073495,21.2
0.8351973333333332,0,21.2,3.7722020266342158,21.2
0.9188601666666667,0,21.2,4.046044764665931,21.2
1.0024411666666666,0,21.2,4.216540082810983,21.2
1.0858556666666666,0,21.2,4.747501572257057,21.2
1.1692755,0,21.2,4.435434771762443,21.2
1.2526415000000002,0,21.2,3.9982835184113075,21.2
1.3362201666666669,0,21.2,4.216994318350965,21.2
1.4196948333333335,0,21.2,4.373049505000813,21.2
1.5039456666666668,0,21.2,4.466474736591783,21.2
1.586991,0,21.3,5.216184985304906,21.2
1.6703871666666665,0,21.3,5.84072355801743,21.2
1.7538203333333333,0,21.3,6.340267001922259,21.2
1.8372709999999999,0,21.3,6.715059375305806,21.2
1.920625,0,21.3,6.9646952259351265,21.2
2.0044333333333335,0,21.3,7.089255227015008,21.2
2.0875126666666666,0,21.3,7.08869537322544,21.2
2.171103,0,21.3,6.963176922681686,21.2
2.2549785,0,21.3,6.713090262096853,21.2
2.3385746666666667,70,21.3,6.338270618008397,21.3346917497695
2.422514,70,21.3,5.838440886132088,21.4699364162652
2.5058455000000004,70,21.4,5.214013743745841,21.604201730016634
2.5895946666666667,70,21.4,5.1826541908167885,21.739139996325548
2.672937833333333,70,21.4,5.744307592027773,21.873424107634452
2.756333833333333,70,21.4,6.1812863040530495,22.007793345025053
2.8400070000000004,70,21.4,7.211363327442619,22.142609158673867
2.9235113333333334,70,21.4,8.054100180249844,22.277152944812414
3.0071796666666666,70,21.4,8.710042235158243,22.411960970901703
3.0908953333333336,70,21.4,9.178507631219219,22.54684526136702
3.1742690000000002,70,21.4,9.460190164238464,22.681178514861887
3.2578235,70,21.4,9.554493858884905,22.815803130497564
3.3415131666666666,70,21.4,9.461309507851608,22.950645529263372
3.4248434999999997,70,21.4,9.180941439120566,23.084908963259057
3.508507333333333,70,21.5,8.712667893375052,23.219709738861894
3.591845,70,21.5,9.556245448019956,23.353984988465136
3.675275833333333,70,21.5,10.212209996770632,23.488410349991614
3.7588661666666665,70,21.6,11.399404716671198,23.62309270098238
3.842979166666667,70,21.6,12.337308861720771,23.75861718254787
3.926052,70,21.6,13.025087358864608,23.892465727596505
4.009505833333334,70,21.6,13.463006471269482,24.026928147164856
4.093240333333333,70,21.6,13.650561875280559,24.161842782258663
4.1768335,70,21.6,13.588108166624506,24.296529698370527
4.260169666666666,70,21.6,13.994253969185543,24.430802531144952
4.343503166666666,70,21.6,14.08769098031939,24.56507106733481
4.4271095,70,21.6,13.86874587297159,24.699779197832967
4.510499833333333,70,21.7,14.056302618708008,24.834139304981363
4.5940205,70,21.7,14.649655717296566,24.968709407700374
4.677498166666667,70,21.8,14.930750854138603,25.103210227993273
4.760949666666666,70,21.8,14.899282090661245,25.237668888050127
4.844591833333333,70,21.8,16.055187835695754,25.372434753903374
4.928172166666667,70,21.8,16.896887670670054,25.50710099270202
5.011802833333333,70,21.8,18.145497920913375,25.641848329534334
5.095169833333333,70,21.8,19.019756177106217,25.776170841567787
5.178834666666667,70,21.9,20.236470979481684,25.910973228389835
5.2625165,70,21.9,21.01548509308158,26.045803005938485
5.3458745,70,21.9,21.35824727159645,26.180111016999035
5.429288333333333,70,22.0,21.98229669719295,26.31450898779891
5.512833,70,22.0,22.106261095388227,26.449117759779003
5.596504166666667,70,22.0,23.229329669064178,26.58393035098939
5.680225666666666,70,22.0,23.852676525053127,26.718824040233443
5.763563,70,22.1,25.475034841361147,26.853098752763614
5.847169833333333,70,22.1,26.59821651975067,26.987807688871378
5.930834333333333,70,22.2,27.22210057685729,27.122609538620353
6.014166166666667,70,22.2,28.782753492429915,27.256875389444858
6.097933333333334,70,22.3,29.719110019116222,27.391842657699588
6.181489833333334,70,22.3,30.031063021594047,27.526470495773687
6.264832833333333,70,22.3,31.21551844152746,27.660754338546056
6.3484985,70,22.4,31.776464482771395,27.79555806805078
6.432168,70,22.4,32.43118562751966,27.930367973895816
6.515901666666666,70,22.5,33.895898798735296,28.065281266306947
6.599499333333334,70,22.5,34.676416535151674,28.19997543290527
6.683158333333333,70,22.6,35.48829018133288,28.334768420948578
6.766684333333333,70,22.6,35.55152304487019,28.469347116836715
6.850065333333333,70,22.6,36.36482716247257,28.60369218593914
6.933490166666666,70,22.8,36.42768415538677,28.738107880150345
7.016945,70,22.8,37.23989782494216,28.872571910937907
7.100760333333334,70,22.8,38.022215705316015,29.007616786251337
7.184656166666667,70,22.9,38.77200802199623,29.142791364711318
7.267821499999999,70,22.9,39.48872660921219,29.27678894753705
7.3515880000000005,70,23.0,40.11398464350802,29.41175514164564
7.435815833333334,70,23.1,40.64511864239748,29.547464644883952
7.5187405,70,23.1,41.79985927099995,29.6810744609527
7.602162,70,23.2,42.79528927234293,29.815484784433202
7.6854855,70,23.2,43.63317184044666,29.949737208430946
7.769028833333333,70,23.3,44.31727430263293,30.084343832118755
7.852882999999999,70,23.3,44.846217532822685,30.219451276444907
7.9362881666666665,70,23.4,45.15641945313371,30.35383528334495
8.019819833333333,70,23.5,46.030966157196616,30.48842310947529
8.1034925,70,23.5,46.750369716613534,30.623238117514497
8.187486,70,23.6,46.533579384164064,30.758570058384166
8.270854,70,23.7,46.87649840101092,30.892894181636834
8.354458,70,23.7,47.00033457622424,31.027598552623495
8.438123333333333,70,23.9,46.908796183442256,31.16240174505515
8.522161333333333,70,23.9,47.37480035389165,31.29780538517975
8.606047333333334,70,24.0,47.626777724952376,31.432964119984153
8.689008166666666,70,24.0,48.37928093854571,31.56663220848106
8.772483166666667,70,24.1,48.135649411799285,31.701128732189396
8.856358166666666,70,24.2,48.39205406404636,31.836269743582466
8.939627333333334,70,24.2,48.36493520101686,31.9704346246697
9.023219999999998,70,24.3,48.05783466154089,32.10512073517195
9.106576333333333,70,24.3,48.250536254710774,32.23942606086715
9.190131,70,24.4,48.15981049986929,32.374050945039365
9.274261666666666,70,24.5,48.50488279855222,32.509603891477596
9.357148666666667,70,24.5,48.56928193493299,32.64315301828937
9.440653333333332,70,24.6,48.352240468906494,32.77769734150098
9.524117166666667,70,24.7,49.353670593361215,32.912175873261454
9.607614833333333,70,24.8,49.350658544622746,33.04670891793859
9.691026666666666,70,24.8,49.84570634829022,33.18110366630004
9.774507999999999,70,24.9,50.78190225075396,33.315610394396714
9.858149666666666,70,25.0,51.37590239465611,33.45037545464036
9.941715833333333,70,25.0,52.403749427790345,33.585018867833504
10.025289333333333,70,25.1,53.0900536976693,33.71967409663421
10.109088333333334,70,25.2,54.1485913767031,33.854692655367174
10.192477,70,25.3,54.08425134122357,33.98905007715022
10.276147666666667,70,25.3,54.39514856662748,34.123861862751
10.359666333333333,70,25.4,54.35942132550328,34.25842874303159
10.443130333333333,70,25.5,54.70062136867982,34.39290754332859
10.526894166666667,70,25.5,54.63802264169124,34.52786944085261
10.610291666666667,70,25.6,54.23236462296806,34.66224109507203
10.693791166666665,70,25.8,54.98263097753494,34.796777093651045
10.7771455,70,25.8,55.32527382849393,34.93107919690782
10.860809666666666,70,25.9,55.2653286023748,35.06588050958373
10.944300333333334,70,26.0,55.57935802987225,35.20040227572638
11.028154833333334,70,26.1,55.487319787285806,35.335510257125605
11.111670499999999,70,26.1,55.70092329673167,35.47007230374855
11.195124833333333,70,26.2,56.231087842736216,35.60453552892651
11.2784705,70,26.2,56.3557016493357,35.738823668283445
11.362361166666668,70,26.4,56.072316020516254,35.87398992211084
11.445627666666667,70,26.4,55.384507276777825,36.0081505066135
11.5292005,70,26.4,55.07245495707838,36.14280466126806
11.612670166666666,70,26.6,53.6326714701131,36.27729259180726
11.696645666666667,70,26.7,53.289578400303995,36.412595530731124
11.779803833333332,70,26.7,53.320659195012425,36.546581566485834
11.863369500000001,70,26.8,53.00956431890023,36.68122417406938
11.946912333333334,70,26.9,53.073016585751006,36.815829992147584
12.031468499999999,70,27.0,52.79358398548324,36.95206851236045
12.114137666666666,70,27.1,52.94839386826321,37.08526666192057
12.197805333333333,70,27.1,52.761174387556714,37.22007361386372
12.2815545,70,27.2,52.94845600363969,37.35501188017264
12.364943666666667,70,27.2,52.73111687598585,37.489370107565286
12.448428999999999,70,27.3,52.886959778215946,37.623883280538806
12.532342666666668,70,27.3,52.70216872930657,37.759086592408075
12.615471166666667,70,27.5,52.11110762055031,37.893024828659506
12.699135,70,27.5,51.89320458637288,38.02782560426234
12.7827155,70,27.6,52.828324358115076,38.16249211159752
12.866185333333334,70,27.7,52.64187414196238,38.29698031067326
12.949743,70,27.7,52.829458470387095,38.43161002850311
13.033412333333333,70,27.8,52.672233827039335,38.56641966581161
13.116799499999999,70,27.9,52.94766849308848,38.70077467076584
13.200462166666666,70,28.0,53.667783530588274,38.83557356661292
13.284034333333334,70,28.1,54.04489046439066,38.97022664712135
13.367489666666668,70,28.1,54.79410430963683,39.104691483518515
13.4508975,70,28.2,55.1380249965214,39.23907978700312
13.534460166666667,70,28.3,55.075753762201224,39.37371756092902
13.618367166666667,70,28.3,54.60501794781676,39.508910131336876
13.701867666666667,70,28.5,55.230788978284224,39.643447741135105
13.785438333333333,70,28.5,55.44819320824933,39.77809840481471
13.869127,70,28.6,55.25830657531395,39.91293919236131
13.952925166666667,70,28.6,55.446824425267856,40.04795640841159
14.036125166666666,70,28.7,55.23081590528129,40.18200984683668
14.119438166666667,70,28.8,55.32285529289739,40.31624535303269
14.202792666666667,70,28.9,55.72799833584773,40.450547724825995
14.286496333333334,70,29.0,55.72578293700181,40.585412680660774
14.370122833333333,70,29.1,56.81782896637906,40.7201533040797
14.4537925,70,29.1,56.72586321298754,40.85496347846127
14.537378666666665,70,29.2,56.947536594496185,40.98963911603866
14.620780333333332,70,29.3,57.47952421482919,41.12401748367146
14.7045975,70,29.4,57.542365832690635,41.259065312886776
14.788330666666667,70,29.4,57.916895609058884,41.3939777996883
14.871452166666666,70,29.5,57.88347914372592,41.52790475740525
14.954788500000001,70,29.6,58.159385007544806,41.66217785871621
15.038838,70,29.7,57.246531229205864,41.79760002786175
15.122451666666667,70,29.8,56.64815026103472,41.93231997396745
15.206119333333334,70,29.8,56.36565948661797,42.0671269259106
15.289452166666667,70,30.0,56.39614960327865,42.201394387954316
15.372787166666667,70,30.0,56.738621842828316,42.335665340972994
15.456288833333332,70,30.1,56.67357641110218,42.470204830526974
15.540139666666667,70,30.2,56.91895441030948,42.60530690412243
15.623444000000001,70,30.3,56.6948580716199,42.7395284464186
15.7071165,70,30.3,56.7860625449733,42.874343185921276
15.790940500000001,70,30.4,57.18620636102821,43.00940202513455
15.874775666666668,70,30.5,56.40101317553489,43.14447885629568
15.958463,70,30.5,55.93041825009511,43.27931749554999
16.042110833333332,70,30.6,55.77572223520725,43.414092491645434
16.125446833333335,70,30.7,55.92964014432097,43.54836505588333
16.209151666666667,70,30.8,55.67761031146477,43.68323189147385
16.292653833333333,70,30.9,55.02010438993543,43.817772186637434
16.376444833333334,70,30.9,55.456829580096446,43.952777855616716
16.460264,70,31.1,54.77319705802918,44.08782890727045
16.544045833333332,70,31.1,55.18197510663462,44.22281980674028
16.6274095,70,31.2,55.90292279175005,44.357136948043035
16.711234666666666,70,31.3,56.22237913229589,44.49219766701205
16.794719833333332,70,31.3,56.13538684262595,44.62671057144904
16.878438333333335,70,31.4,56.35881865049896,44.761599427035456
16.961777833333333,70,31.5,56.17556786235003,44.89587763054058
17.045441,70,31.6,55.58620093993962,45.03067733199728
17.129105833333334,70,31.6,55.308359613638615,45.16547971881933
17.212705333333332,70,31.7,55.345119090674494,45.30017683931953
17.2961645,70,31.8,55.69384659909553,45.43464785205701
17.379740166666668,70,31.8,56.35614861886626,45.569306571832676
17.463344666666668,70,32.0,55.83029598958554,45.70401174842894
17.546686666666666,70,32.1,56.39398176651918,45.8382939799821
17.630104666666668,70,32.1,56.55200195972536,45.97269866419536
17.713728666666665,70,32.2,57.022385747630615,46.10743525956626
17.79735,70,32.3,57.80046421904245,46.2421675583526
17.880877,70,32.3,57.393784266472686,46.37674786545995
17.96438016666667,70,32.4,57.2993995745718,46.511289771842755
18.047958333333334,70,32.5,57.51791784945855,46.64595251966644
18.131408,70,32.6,58.04610563329969,46.780408225821404
18.21489766666667,70,32.7,57.387177187767215,46.914928380744854
18.298374,70,32.8,57.041790042347785,47.049427052745465
18.381938333333334,70,32.8,57.00881433295632,47.18406751203672
18.465768333333333,70,32.9,56.50375410401778,47.31913601856526
18.5490255,70,33.0,56.309966184506656,47.45328156502195
18.632765166666665,70,33.1,56.49435009918002,47.58820452474835
18.716710333333335,70,33.2,56.27374368249391,47.72345859002279
18.800044666666665,70,33.2,57.08316310022597,47.85772846889532
18.883428833333333,70,33.3,57.42487141769712,47.992078640191906
18.967100833333333,70,33.4,57.29944049858982,48.12689257408498
19.050915166666666,70,33.5,57.42538247074451,48.26193583817919
19.1344285,70,33.5,57.80093325513578,48.396494125290644
19.217768,70,33.6,58.42674588493715,48.53077232879578
19.301374166666665,70,33.7,59.301895832238515,48.66548019075739
19.385493999999998,70,33.8,59.710704193315145,48.80101568232083
19.469098666666664,70,33.8,59.65120920550301,48.93572112745363
19.552412666666665,70,33.9,59.84153491228348,49.06995824486886
19.636059666666668,70,34.0,59.56703181892378,49.204731898281636
19.71959083333333,70,34.2,60.32125896037529,49.33931891880236
19.803030333333336,70,34.2,61.32142362959099,49.473758244228684
19.88651983333333,70,34.3,61.07604397354691,49.608278130615574
19.969890499999998,70,34.4,61.080859807728096,49.74260655045281
20.053438833333335,70,34.5,61.3347131371004,49.877221230236685
20.137040166666665,70,34.6,61.83622015251776,50.011921304638776
20.220765,70,34.7,61.08465696517976,50.14682036461354
20.3042255,70,34.7,61.30633914660359,50.28129352564331
20.387814333333335,70,34.8,61.71317981578256,50.41597345980525
20.47110166666667,70,34.9,61.58568215518518,50.55016761137483
20.554547999999997,70,34.9,60.927118658036605,50.68461794679909
20.6380975,70,35.1,60.45660979241097,50.81923450633871
20.721761333333333,90,35.2,60.172899963800276,50.97208421867459
20.805098333333333,90,35.2,61.57631635680928,51.12433682257077
20.888758166666666,90,35.3,62.38691478675592,51.277179227103204
20.972300666666666,90,35.4,62.604649686400535,51.429807269401294
21.055859666666667,90,35.5,63.01070854750407,51.5824654563886
21.139898499999997,90,35.5,64.32126966665041,51.736000275297314
21.223042500000002,90,35.7,65.75608142156311,51.887900277677346
21.306867333333333,90,35.8,66.59440872382375,52.041044129101834
21.390255,90,35.8,66.84003115412284,52.19338929850829
21.473759666666666,90,35.9,67.21118156839563,52.345948221165486
21.557422000000003,90,36.0,67.71130469291933,52.49879519307508
21.64094383333333,90,36.1,67.55812993630968,52.651385478388704
21.724315666666666,90,36.3,68.96750348433892,52.8037017210732
21.807895666666667,90,36.4,70.44010805728637,52.95639827402858
21.891424333333333,90,36.4,70.48057126020777,53.109001043506424
21.975015166666665,90,36.5,70.58205596036348,53.26171738842946
22.058706666666666,90,36.7,70.74527378543556,53.41461764640583
22.14227616666667,90,36.8,70.9678528156436,53.56729501637717
22.22600233333333,90,36.8,70.46666761438783,53.72025860865004
22.309604333333333,90,36.9,70.75086817286494,53.87299535452436
22.393035,90,37.0,71.09162905197901,54.025419082817834
22.476368,90,37.1,70.71574802078577,54.17766437891056
22.559758,90,37.2,71.0582575895228,54.33001381120236
22.64308983333333,90,37.4,70.61808866595915,54.48225697585242
22.726423999999998,90,37.5,70.1777132093277,54.63450440338782
22.809745166666666,90,37.5,70.51514727224536,54.78672808056204
22.893296,90,37.6,70.91654393683072,54.93937134745063
22.976886999999998,90,37.7,70.60607328414149,55.09208799686547
23.060741666666665,90,37.8,70.29295899674521,55.24528635232399
23.144345833333333,90,37.9,70.76011456981098,55.39802705659184
23.227754,90,38.0,71.28836660227033,55.55040967849095
23.3116445,90,38.1,71.09441733648478,55.703673499688634
23.395118500000002,90,38.2,70.90091942225781,55.856176395852756
23.478716333333335,90,38.4,70.70884320554583,56.008905529431814
23.562314999999998,90,38.4,70.51774376103255,56.16163618546993
23.645901000000002,90,38.5,70.32977694115823,56.31434370013048
23.729982333333332,90,38.6,70.92364448827651,56.46795616445078
23.813351833333336,90,38.7,71.58180496280895,56.62026814424995
23.896195166666665,90,38.8,71.5216407924647,56.77161884340444
23.979977166666664,90,38.9,71.46384271842345,56.92468444043372
24.0633905,90,39.0,71.40344800244277,57.07707650157896
24.1470255,90,39.1,71.34005581520584,57.229873536831676
24.230840666666666,90,39.2,71.27665147543755,57.382999727731175
24.31425966666667,90,39.3,71.21676926886775,57.535402141597956
24.397728999999998,90,39.4,71.15300796637119,57.68789651199138
24.481355833333335,90,39.5,71.08714014493768,57.84067862714542
24.564686666666667,90,39.6,71.80629965878367,57.99291996484462
24.648256666666665,90,39.7,71.80827127437048,58.14559824829138
24.73184033333333,90,39.8,71.80907523966103,58.29830150006657
24.8156925,90,39.9,71.80617353390305,58.45149528814794
24.8990285,90,40.0,71.80374866104725,58.60374606509325
24.982883,90,40.1,71.80939040263647,58.756944116059955
25.066524166666667,90,40.2,71.81236877937951,58.90975241750965
25.150068,90,40.3,71.81840443527267,59.06238289574223
25.23340166666667,90,40.4,71.82211296948479,59.214629409802214
25.317079833333334,90,40.5,71.82356764046307,59.36750530843376
25.400981833333333,90,40.6,71.82495847257468,59.520790139566344
25.484003666666666,90,40.7,71.8271689877456,59.67246694944953
25.567408166666667,90,40.8,71.11223871581514,59.82484287252882
25.651045666666665,90,40.9,71.17854488557805,59.977644475158684
25.73444483333333,90,41.0,71.24314734541933,60.130010654500055
25.818071333333332,90,41.1,71.30697137693502,60.28279216067045
25.90140866666667,90,41.2,71.3675185354927,60.43504537355025
25.985017666666668,90,41.3,71.42977142756307,60.587794908080596
26.068346666666667,90,41.4,72.20720398561053,60.74003289636988
26.152054,90,41.5,72.92277065081582,60.89296208106822
26.235563,90,41.6,73.57631877594082,61.04552892051247
26.319221333333335,90,41.7,74.16751798041349,61.19836858461862
26.402743,90,41.8,74.69618301028775,61.35095856544045
26.486073833333332,90,41.8,75.1578528688069,61.503199903139645
26.569742666666667,90,42.0,75.5630991343753,61.65605875022983
26.653462,90,42.1,75.90901359430957,61.8090098583385
26.73706866666667,90,42.2,76.18937149669594,61.9617551299835
26.820678166666667,90,42.3,76.40810734955711,62.11450557798928
26.904241666666667,90,42.4,76.5628266951503,62.26717198625545
26.987859833333335,90,42.6,76.65553553321338,62.41993826783535
27.071189166666667,90,42.7,76.68612183882378,62.57217686510826
27.154632666666664,90,42.8,76.65612324847625,62.72462403927112
27.238355333333335,90,42.9,76.56362521762124,62.87758123721599
27.321736833333333,90,43.0,76.41027370357936,63.02991514042547
27.405346833333333,90,43.1,76.19402882845367,63.18266650190668
27.488732166666665,90,43.2,75.91419446022766,63.3350074084278
27.572059666666668,90,43.3,74.79484921534073,63.4872426562908
27.655809,90,43.4,74.33059146395705,63.64024857292529
27.739398666666666,90,43.5,73.80069699748455,63.79296278640565
27.823011666666666,90,43.6,73.20510073236686,63.94571962873944
27.906725,90,43.7,72.5463990414391,64.09865977514293
27.99018516666667,90,43.8,72.54277097848473,64.25113739848682
28.073773833333334,90,43.9,72.47555966307418,64.40384978501632
28.157178,90,44.0,72.40998049404394,64.55622509911198
28.240594833333333,90,44.1,72.34773605100303,64.70862355458522
28.324059333333334,90,44.2,73.00040885231667,64.86110909471616
28.407726833333335,90,44.3,72.87186765925985,65.01396550587187
28.491060166666667,90,44.4,73.46194961437509,65.16621141094822
28.574555833333335,90,44.5,73.99184784306624,65.31875389104766
28.65824,90,44.6,74.4608504513531,65.47164075138438
28.742057833333334,90,44.7,74.86320492321491,65.62477181415285
28.825611166666665,90,44.8,74.48309260977022,65.77741964841859
28.909243500000002,90,45.0,74.82152608472381,65.93021181180237
28.99279483333333,40,45.0,74.37815361779786,66.03197459871171
29.076375833333334,40,45.1,74.65599152296838,66.1337735186492
29.159660000000002,40,45.2,74.86900489041842,66.23521090531078
29.24338516666667,40,45.4,75.0210454467613,66.33718541552547
29.327159333333334,40,45.4,75.1122685962074,66.43921960613493
29.410615333333332,40,45.6,75.14138141305673,66.54086628016735
29.494084333333333,40,45.7,75.82373064825448,66.64252878777388
29.577721,40,45.8,75.66850718149124,66.74439550788777
29.661566333333333,40,45.9,75.45630045763885,66.84651637716587
29.74530683333333,40,45.9,75.18077378272238,66.94850956287823
29.828821166666668,40,46.1,74.83473107802195,67.05022728499969
29.912384,40,46.1,74.4291013589241,67.15200407853231
29.995716333333334,40,46.3,74.73942271522715,67.25350013061598
30.079520833333333,40,46.4,74.26999546347567,67.35557126623173
30.1631135,40,46.5,73.73828553348693,67.45738439578703
30.24669433333333,40,46.6,73.1457351339296,67.55918311272998
30.330382333333333,40,46.7,73.98697613936655,67.66111235516222
30.41414316666667,40,46.9,73.98687274098579,67.76313030620848
30.497475833333333,40,46.9,73.92501344077988,67.86462676428123
30.580598666666667,40,47.0,73.85786546028784,67.96586765222797
30.664170333333335,40,47.1,74.51125614052904,68.06765520447122
30.748380333333333,40,47.2,74.38196722358056,68.17022022580306
30.831716166666666,40,47.3,73.47120291347446,68.27172054077207
30.915447500000003,40,47.4,73.99554010442556,68.37370256178473
30.999046833333335,40,47.5,72.96246629144628,68.47552381112162
31.08264366666667,40,47.6,72.65037613818085,68.57734201554042
31.166381,40,47.7,72.33619942447193,68.67933134435653
31.2500945,40,47.9,72.02484050657681,68.7812916449534
31.333376833333336,40,48.0,72.4305290238469,68.88272679867504
31.4170445,40,48.0,72.05734222018651,68.98463127577338
31.501368000000003,40,48.1,72.46076312735025,69.08733453638703
31.584717,40,48.3,72.15079447251003,69.1888508879247
31.66835683333333,40,48.3,72.55705559155169,69.29072146493483
31.7520385,40,48.4,72.18784448164402,69.39264299357455
31.835767333333333,40,48.6,71.8145545633968,69.49462196966913
31.919199666666668,40,48.6,71.44612964882687,69.59623981847685
32.0027095,40,48.7,71.0760401084135,69.69795205974572
32.08638083333334,40,48.8,70.70611408570055,69.79986100272393
32.169712,40,48.9,70.33429505026909,69.90135563384581
32.253372999999996,40,49.1,69.96369149996913,70.00325199116254
32.33681883333333,40,49.1,70.37258630095792,70.10488628252801
32.42057783333333,40,49.2,70.8464459875993,70.20690200063433
32.50404116666667,40,49.3,71.3203345049419,70.30855760642652
32.588315333333334,40,49.5,71.72615271551982,70.41120078065629
32.67154,40,49.5,72.13556531443623,70.51256569826704
32.75503866666667,40,49.6,72.54392596862803,70.61426433890173
32.838373833333335,40,49.7,72.1726234868755,70.71576384189258
32.92203816666667,40,49.8,72.58091078190407,70.81766425910011
33.005625333333334,40,49.9,72.27354854416296,70.91947068983559
33.08945716666666,40,50.0,71.96540915445182,71.02157511655594
33.17279666666667,40,50.1,71.6538221636941,71.12307989740484
33.256371333333334,40,50.2,71.34412292573174,71.22487110354979
33.340033166666664,40,50.3,71.81643181741225,71.32676847583923
33.4235345,40,50.5,72.28863558411648,71.42847036438657
33.507038,40,50.6,72.69387717637541,71.53017489186291
33.590452,40,50.6,72.3201594147895,71.63177041127122
33.67404966666667,40,50.8,73.44024072699341,71.73358963066272
33.75743816666667,40,50.8,73.06118103149134,71.83515409190639
33.840899666666665,40,50.9,73.39935801078221,71.93680746475863
33.924309,40,51.0,73.67710300363436,72.03839730031983
34.00797283333333,40,51.1,73.89086049499655,72.14029710854375
34.091788666666666,40,51.2,73.3231420826933,72.24238204778824
34.175366333333336,40,51.3,73.47070609532712,72.34417690783494
34.258697,40,51.4,73.55980952866449,72.44567092997319
34.342364,40,51.6,72.86825692189815,72.54757459509338
34.426263,40,51.7,72.17547216612437,72.64976082861338
34.509724166666665,40,51.7,72.97951456537459,72.75141379547654
34.59309283333334,40,51.9,73.06888972307264,72.85295410036994
34.6770065,40,51.9,72.4425583767364,72.95515819740947
34.76077333333333,40,52.1,73.31475655960045,73.05718345625918
34.84436433333334,40,52.2,72.68998569308799,73.15899455586909
34.92802916666667,40,52.3,72.06466320721854,73.26089558206024
35.01168966666666,40,52.3,71.42959260761174,73.36279133039336
35.095360166666666,40,52.5,70.80976790846336,73.46469925839888
35.1787365,40,52.6,70.18797313569507,73.56624890104113
35.262366666666665,40,52.6,69.56230945125094,73.66810770436796
35.34602783333333,40,52.7,68.94299890590769,73.77000426467924
35.42978033333333,40,52.9,69.10410715758066,73.8720120659985
35.5131165,40,52.9,69.32704669430305,73.97351278695659
35.5967215,40,53.0,68.83332152326818,74.07534093810786
35.68014383333333,40,53.2,69.12131644987096,74.17694660724317
35.763935499999995,40,53.2,68.68676500115238,74.27900211227934
35.84774916666667,40,53.3,69.03408514390844,74.38108441259482
35.93268966666666,40,53.4,69.44540181512346,74.48453915899591
36.0146765,40,53.5,69.91877501697822,74.58439643615735
36.098299,40,53.6,69.67308841216888,74.68624590173532
36.182385000000004,40,53.7,70.208374005042,74.78865989512933
36.26554316666667,40,53.8,70.80594760854144,74.88994381791858
36.34905716666667,40,53.9,70.68528094257385,74.99166113405094
36.4324245,40,54.0,70.56264605005069,75.09319981498803
36.516024,40,54.1,71.93646938114469,75.19502126731948
36.599689500000004,40,54.2,71.80503799355516,75.2969231054888
36.68352333333333,40,54.3,71.68068109759743,75.39902996814362
36.76676316666667,40,54.4,72.34013403544043,75.50041335825753
36.85015433333333,40,54.5,72.27934840639244,75.60198106741383
36.9336865,40,54.6,72.93452170955243,75.7037205099511
37.017281,40,54.7,73.51368111748383,75.80553587244633
37.10067883333333,40,54.8,74.04601486507826,75.90711170138425
37.184475666666664,40,54.9,74.5139621537112,76.00917349925118
37.2679805,40,55.0,74.91580987538578,76.11087965068386
37.351679000000004,40,55.1,74.5431296430122,76.21282168177211
37.43534483333333,40,55.3,74.88743394203128,76.31472392593052
37.51988516666666,40,55.3,75.17149130286475,76.41769128244083
37.60269783333334,40,55.4,74.67636315711572,76.51855439754847
37.686117499999995,40,55.5,74.18141694412945,76.62015681877114
37.76968183333334,40,55.6,73.68299931756503,76.72193543925462
37.853251666666665,40,55.8,73.18842094354153,76.82372075855793
37.93683883333333,40,55.9,73.41201403486465,76.9255271892934
38.020213999999996,40,56.0,72.85514254614539,77.02707541097386
38.10394266666667,40,56.1,73.01333863550815,77.1290541840739
38.18734083333334,40,56.2,73.10798348262894,77.23063041900089
38.27067483333334,40,56.2,73.1426098738497,77.33212850102996
38.35434016666667,40,56.4,73.11629303896896,77.43403013620474
38.43785966666667,40,56.5,72.30804381860182,77.53575415115694
38.521263833333336,40,56.5,72.9953963872905,77.63733769388737
38.604667,40,56.6,72.17296084102084,77.73892001865057
38.68826683333333,40,56.7,72.0765254142056,77.8407418769711
38.77167633333333,40,56.8,71.9191540630481,77.94233191552682
38.85533566666667,40,57.0,71.69804598047543,78.04422624289816
38.93889516666667,40,57.0,71.47571761912668,78.14599897653999
39.022753333333334,40,57.2,72.03508562018344,78.24813547639766
39.106622333333334,40,57.3,72.59460485822991,78.35028517090045
39.1896785,40,57.4,73.1540893026664,78.45144486103116
39.273098833333336,40,57.5,73.7165542396495,78.553048094232
39.35660383333333,40,57.5,72.78192638782934,78.65475444865919
39.44045816666667,40,57.7,73.34380352099302,78.75688627964246
39.524124500000006,40,57.7,73.18895345001097,78.85878913278448
39.60752016666667,40,57.9,73.03406324955607,78.96036232279337
39.69099683333334,40,58.0,72.81889128109759,79.06203416814876
39.774659666666665,40,58.1,72.5357010303556,79.16393275840544
39.85828466666667,40,58.1,72.14567274538106,79.26578526890152
39.941662666666666,40,58.3,72.44170966401175,79.36733694148916
40.0253535,40,58.4,72.0386929457726,79.46926963482859
40.108687,40,58.5,72.97561072778254,79.57076710787403
40.192023,40,58.6,73.78838861538968,79.67226762583756
40.275616666666664,40,58.6,74.5087806582217,79.7740819733601
40.359241,40,58.8,75.1468680570416,79.87593367187802
40.44265849999999,40,58.8,75.1127651073674,79.97753345417166
40.52632216666667,40,59.0,75.58990017461544,80.07943305940105
40.60976216666667,40,59.1,75.41622960522729,80.18106024595762
40.693895833333336,40,59.2,75.76337566707748,80.2835322957901
41.03459733333333,40,59.6,76.07556205021739,80.69849556161705
41.118198500000005,40,59.7,76.35546746832641,80.8003190438939
41.201921,40,59.8,76.53646891531321,80.90229030619592
41.28526299999999,0,60.0,76.66013993179531,80.90229030619592
41.36886483333333,0,60.1,76.75358567428341,80.90229030619592
41.452249,0,60.2,76.81930874336119,80.90229030619592
41.53630016666666,0,60.3,76.86090854098097,80.90229030619592
41.61965433333333,0,60.4,76.14881364390007,80.90229030619592
41.703293333333335,0,60.5,76.04591648971497,80.90229030619592
41.786656666666666,0,60.6,75.0979217208059,80.90229030619592
41.870161833333334,0,60.7,74.78875446292118,80.90229030619592
41.953577833333334,0,60.8,74.39374868980475,80.90229030619592
42.03698816666667,0,60.9,73.88488054599382,80.90229030619592
42.12093466666667,0,61.1,73.2315317288866,80.90229030619592
42.204189166666666,0,61.1,72.51535297054635,80.90229030619592
42.28791583333334,0,61.2,71.01847625504138,80.90229030619592
42.371713666666665,0,61.3,70.30385600423794,80.90229030619592
42.454984,0,61.4,69.6524156719254,80.90229030619592
42.538381333333334,0,61.5,69.0632084371828,80.90229030619592
42.6218215,0,61.6,68.53212405442973,80.90229030619592
42.705568166666666,0,61.7,68.06359482907239,80.90229030619592
42.788934,0,61.8,67.65638258345132,80.90229030619592
42.872643333333336,0,61.9,67.3127893674714,80.90229030619592
42.955979000000006,0,62.0,66.31404245054799,80.90229030619592
43.039568499999994,0,62.1,65.4425527651566,80.90229030619592
43.1230795,0,62.2,64.6963957047905,80.90229030619592
43.20643233333333,0,62.2,64.8533459985061,80.90229030619592
43.28995283333333,0,62.3,64.42003978967527,80.90229030619592
43.373310333333336,0,62.4,64.111123468589,80.90229030619592
43.45697466666667,0,62.5,63.20225340404393,80.90229030619592
43.54047316666667,0,62.6,63.20050352038679,80.90229030619592
43.624127333333334,0,62.7,62.60685615679436,80.90229030619592
43.70766533333333,0,62.8,62.20086952098409,80.90229030619592
43.79119983333334,0,62.9,61.98027284833405,80.90229030619592
43.87464133333334,0,62.9,61.94913313425838,80.90229030619592
43.9579765,0,63.0,62.10271200588162,80.90229030619592
44.041531666666664,0,63.1,61.72052300256729,80.90229030619592
44.124975166666665,0,63.2,61.59297372780114,80.90229030619592
44.208305833333334,0,63.3,61.714473255312015,80.90229030619592
44.29164266666667,0,63.4,61.30627152259943,80.90229030619592
44.375628000000006,0,63.4,61.08028651612086,80.90229030619592
44.459241,0,63.6,61.04394634515491,80.90229030619592
44.542635499999996,0,63.6,60.475688139662445,80.90229030619592
44.62619266666667,0,63.7,60.1558935676766,80.90229030619592
44.70974416666667,0,63.8,60.09046545337331,80.90229030619592
44.793132166666666,0,63.9,59.55513600264677,80.90229030619592
44.876793,0,64.0,59.33361097342362,80.90229030619592
44.961067,0,64.0,58.644686752284294,80.90229030619592
45.043969000000004,0,64.1,57.49052840023768,80.90229030619592
45.12759916666667,0,64.2,56.646319962827235,80.90229030619592
45.21115483333333,0,64.3,56.11352938468232,80.90229030619592
45.295418166666664,0,64.4,55.177088740201306,80.90229030619592
45.37889466666667,0,64.5,54.61751427323573,80.90229030619592
45.4624695,0,64.5,53.64990224948252,80.90229030619592
45.546302000000004,0,64.6,53.05736886933655,80.90229030619592
45.629174666666664,0,64.7,52.122005657091044,80.90229030619592
45.71294616666667,0,64.7,51.56074278379741,80.90229030619592
45.796301666666665,0,64.8,50.657348189524626,80.90229030619592
45.879902,0,64.9,50.19355850206984,80.90229030619592
45.963294166666664,0,64.9,50.1663713131856,80.90229030619592
46.047132833333336,0,65.0,49.07387672368747,80.90229030619592
46.13092416666667,0,65.1,48.422398776537364,80.90229030619592
46.21446333333333,0,65.1,48.20717606588212,80.90229030619592
46.29796666666667,0,65.2,48.42945492542571,80.90229030619592
46.381509666666666,0,65.3,48.36616317231393,80.90229030619592
46.464965666666664,0,65.3,48.80277929047477,80.90229030619592
46.54863266666666,0,65.4,48.23983562009719,80.90229030619592
46.63230133333334,0,65.5,48.17550249970144,80.90229030619592
46.7157375,0,65.5,48.614095640656124,80.90229030619592
46.799076166666666,0,65.6,48.770831847720224,80.90229030619592
46.88263116666667,0,65.7,48.6491637963089,80.90229030619592
46.9661585,0,65.7,49.02682988285714,80.90229030619592
47.04962933333333,0,65.8,49.12471726225116,80.90229030619592
47.13326466666666,0,65.9,48.939887545260945,80.90229030619592
47.216793499999994,0,66.0,49.254268134842064,80.90229030619592
47.30041966666667,0,66.0,48.56841481658773,80.90229030619592
47.38397316666667,0,66.1,48.38323323079518,80.90229030619592
47.46756066666667,0,66.1,47.976418254554645,80.90229030619592
47.55096183333333,0,66.2,47.35145726750243,80.90229030619592
47.634628,0,66.3,47.2239912500849,80.90229030619592
47.71809183333333,0,66.4,46.8780539680029,80.90229030619592
47.801416333333336,0,66.4,46.31396206704873,80.90229030619592
47.88495533333333,0,66.5,46.250891076108246,80.90229030619592
47.968417499999994,0,66.6,45.96880658100384,80.90229030619592
48.05196,0,66.6,45.46765968007285,80.90229030619592
48.135294,0,66.7,45.46677981769075,80.90229030619592
48.21892333333333,0,66.7,45.24603088103794,80.90229030619592
48.302292,0,66.8,45.586217804074955,80.90229030619592
48.3862635,0,66.8,44.99064808336495,80.90229030619592
48.469791,0,66.9,44.95625465788683,80.90229030619592
48.55360116666667,0,67.0,43.98467345824403,80.90229030619592
48.63695816666667,0,67.0,43.57618262754937,80.90229030619592
48.72053433333333,0,67.1,43.73012544367816,80.90229030619592
48.80403866666666,0,67.2,43.72831943742123,80.90229030619592
48.887625,0,67.2,42.85272806408601,80.90229030619592
48.971279833333334,0,67.3,43.31935258546934,80.90229030619592
49.054806,0,67.4,43.63171621304622,80.90229030619592
49.13848016666667,0,67.4,43.787862787863816,80.90229030619592
49.222273666666666,0,67.5,43.78951306792052,80.90229030619592
49.30558716666667,0,67.5,42.91689181244699,80.90229030619592
49.38928816666667,0,67.6,42.67093107665614,80.90229030619592
49.47295266666667,0,67.6,42.98437907651067,80.90229030619592
49.5564785,0,67.7,43.079338074069554,80.90229030619592
49.639809166666666,0,67.8,43.73683357370195,80.90229030619592
49.72337216666667,0,67.8,44.172261146584084,80.90229030619592
49.80716966666667,0,67.8,44.39299747198004,80.90229030619592
49.89075283333333,0,68.0,45.17438900738802,80.90229030619592
49.974090833333335,0,68.0,45.021872370538716,80.90229030619592
50.057726833333334,0,68.1,45.43057363571367,80.90229030619592
50.141282,0,68.1,45.684220809721374,80.90229030619592
50.22487066666667,0,68.1,45.77982148334631,80.90229030619592
50.308209166666664,0,68.2,45.718522269116626,80.90229030619592
50.391790666666665,0,68.4,44.784021639926266,80.90229030619592
50.47541966666667,0,68.4,44.472549659115074,80.90229030619592
50.558569166666665,0,68.5,44.00288301656752,80.90229030619592
50.64309516666667,0,68.6,43.37801966952401,80.90229030619592
50.725906333333334,0,68.6,43.37867388016522,80.90229030619592
50.809797833333334,0,68.7,42.5040361515702,80.90229030619592
50.89284683333334,0,68.7,41.473116896532424,80.90229030619592
50.976427,0,68.8,41.78330534274516,80.90229030619592
51.05986183333333,0,68.8,41.93757302815473,80.90229030619592
51.143574666666666,0,68.9,41.9344790743022,80.90229030619592
51.22700016666666,0,68.9,41.77636996786837,80.90229030619592
51.31054233333333,0,68.9,40.680440294654275,80.90229030619592
51.39417483333334,0,69.0,40.14754060457628,80.90229030619592
51.477945999999996,0,69.1,40.23990070829122,80.90229030619592
51.56132866666667,0,69.1,40.237859213843116,80.90229030619592
51.64491733333333,0,69.2,40.86182544771903,80.90229030619592
51.72857066666667,0,69.2,41.38582090062765,80.90229030619592
51.81192416666667,0,69.3,41.10270591070941,80.90229030619592
51.89575166666667,0,69.4,41.505130170546956,80.90229030619592
51.97949533333334,0,69.5,41.098985610020584,80.90229030619592
52.06317583333333,0,69.5,41.37787058455007,80.90229030619592
52.146553833333336,0,69.6,41.56443339105105,80.90229030619592
52.230333333333334,0,69.6,41.65803341568856,80.90229030619592
52.313933666666664,0,69.7,41.65945770005661,80.90229030619592
52.397264166666666,0,69.7,40.78782177044226,80.90229030619592
52.48093466666667,0,69.8,40.53953191686195,80.90229030619592
52.56459866666667,0,69.9,40.91404469788537,80.90229030619592
52.64831016666666,0,69.9,41.13322710556919,80.90229030619592
52.7318515,0,69.9,41.19600288220994,80.90229030619592
52.815262999999995,0,70.0,40.384977178692985,80.90229030619592
52.89887983333333,0,70.0,40.20020324332073,80.90229030619592
52.98274816666667,0,70.1,39.919831230201865,80.90229030619592
53.066280166666665,0,70.2,40.32285409084352,80.90229030619592
53.149622666666666,0,70.2,39.91363647065273,80.90229030619592
53.233095166666665,0,70.3,40.192676913648576,80.90229030619592
53.31659966666667,0,70.3,39.65929804585901,80.90229030619592
53.4002665,0,70.4,39.812762100915556,80.90229030619592
53.483929999999994,0,70.5,39.15702210771231,80.90229030619592
53.567580666666665,0,70.6,39.188075278829245,80.90229030619592
53.65126783333333,0,70.6,39.90248624077253,80.90229030619592
53.734782333333335,0,70.6,39.809615026636656,80.90229030619592
53.81818783333333,0,70.7,39.62309590976362,80.90229030619592
53.9019555,0,70.7,39.3435621222235,80.90229030619592
53.98606916666667,0,70.8,38.96889133661671,80.90229030619592
54.06971816666666,0,70.8,38.502569621526504,80.90229030619592
54.153258666666666,0,70.9,38.72009293989741,80.90229030619592
54.236893333333335,0,70.9,38.132646302675006,80.90229030619592
54.320448,0,71.0,38.23162947821578,80.90229030619592
54.403929500000004,0,71.0,37.520185017291546,80.90229030619592
54.48740366666667,0,71.1,37.4948167937043,80.90229030619592
54.57159166666667,0,71.2,37.438824198855954,80.90229030619592
54.65429866666666,0,71.2,38.131752928622724,80.90229030619592
54.73793083333334,0,71.3,38.792425118782006,80.90229030619592
54.82159133333333,0,71.3,38.64197007454136,80.90229030619592
54.905484333333334,0,71.4,39.17757750014983,80.90229030619592
54.9884285,0,71.4,38.898670612716025,80.90229030619592
55.072541666666666,0,71.5,38.586814516297736,80.90229030619592
55.1551015,0,71.5,38.24391988477528,80.90229030619592
55.23868066666667,0,71.6,37.868362539836006,80.90229030619592
55.32209266666667,0,71.6,37.46011141571866,80.90229030619592
55.405612833333336,0,71.7,37.73935508121313,80.90229030619592
55.48902433333333,0,71.7,37.20720172185244,80.90229030619592
55.572592,0,71.8,37.362414696858735,80.90229030619592
55.65618133333333,0,71.9,38.20184548865407,80.90229030619592
55.73953766666666,0,71.9,38.23358009204115,80.90229030619592
55.82355083333333,0,72.0,38.23435381832598,80.90229030619592
55.90725583333334,0,72.0,38.20296620321646,80.90229030619592
55.99058983333334,0,72.0,38.856531783254155,80.90229030619592
56.073921666666664,0,72.1,39.41933418337606,80.90229030619592
56.157689833333336,0,72.1,39.884804658019604,80.90229030619592
56.24142366666666,0,72.2,39.54422658509271,80.90229030619592
56.32492033333334,0,72.3,39.88966510424726,80.90229030619592
56.40825533333333,0,72.3,39.423984585185245,80.90229030619592
56.491814,0,72.4,39.644850049819645,80.90229030619592
56.575211,0,72.5,39.05453494883387,80.90229030619592
56.658584166666664,0,72.5,39.15151056560935,80.90229030619592
56.74191716666666,0,72.5,39.21713441120097,80.90229030619592
56.82543616666666,0,72.6,39.25238257023035,80.90229030619592
56.90891583333334,0,72.7,39.25339048833932,80.90229030619592
56.9923535,0,72.8,38.499335345466704,80.90229030619592
57.0759205,0,72.8,37.715290363203664,80.90229030619592
57.15920333333334,0,72.8,37.62048766962452,80.90229030619592
57.242847833333336,0,72.9,36.71166094777317,80.90229030619592
57.32624783333333,0,72.9,36.48922483625028,80.90229030619592
57.40988433333334,0,73.0,36.953753144268774,80.90229030619592
57.49324716666667,0,73.0,36.606554919860464,80.90229030619592
57.576714833333334,0,73.1,36.227465355444636,80.90229030619592
57.66020066666667,0,73.1,36.598051912392116,80.90229030619592
57.743629999999996,0,73.2,36.93806329071921,80.90229030619592
57.82722416666667,0,73.2,36.468967056784024,80.90229030619592
57.9114175,0,73.2,35.96951739485697,80.90229030619592
57.99492983333334,0,73.3,36.219337202708516,80.90229030619592
58.07831266666666,0,73.4,37.21934225330816,80.90229030619592
58.16190783333334,0,73.4,37.46983905186335,80.90229030619592
58.24549116666667,0,73.5,37.68991113984683,80.90229030619592
58.32907616666667,0,73.6,37.87794934670676,80.90229030619592
58.41265516666667,0,73.6,37.31665417039996,80.90229030619592
58.496238999999996,0,73.6,37.50446569435938,80.90229030619592
58.579839666666665,0,73.7,36.944358113128054,80.90229030619592
58.66342816666666,0,73.8,36.41440273456142,80.90229030619592
58.746564,0,73.8,35.9168578440849,80.90229030619592
58.829904000000006,0,73.8,36.169164256290586,80.90229030619592
58.91342516666666,0,73.9,35.67085026297,80.90229030619592
58.996796833333335,0,74.0,35.1381701497022,80.90229030619592
59.08036166666667,0,74.0,34.5749194818781,80.90229030619592
59.16395333333334,0,74.1,34.762677878190296,80.90229030619592
59.24756466666666,0,74.1,34.200293351020655,80.90229030619592
59.33121466666667,0,74.1,34.385965028838044,80.90229030619592
59.4147225,0,74.2,34.5475229592081,80.90229030619592
59.4981065,0,74.2,34.79653257804605,80.90229030619592
59.58193116666667,0,74.2,34.30212709638038,80.90229030619592
59.665257833333335,0,74.3,34.55430599722931,80.90229030619592
59.74889866666666,0,74.4,34.838387231394634,80.90229030619592
59.8325625,0,74.4,35.15475201718498,80.90229030619592
59.91622916666667,0,74.5,34.72384745768148,80.90229030619592
59.99961716666666,0,74.5,35.04181032189468,80.90229030619592
60.0829695,0,74.6,35.39164725424423,80.90229030619592
60.166549833333335,0,74.6,35.05422583054714,80.90229030619592
60.250423833333336,0,74.7,35.52987779031282,80.90229030619592
60.34680433333333,0,74.7,35.31870701981941,80.90229030619592
60.41810733333333,0,74.8,35.13746939159566,80.90229030619592
60.500674,0,74.8,34.9884245058565,80.90229030619592
60.584252166666666,0,74.9,34.8703204308834,80.90229030619592
60.667596833333334,0,74.9,34.00063397698594,80.90229030619592
60.751202,0,75.0,33.8824694610795,80.90229030619592
60.834773999999996,0,75.0,33.794417839756214,80.90229030619592
60.918134333333334,0,75.1,33.73725865311522,80.90229030619592
61.001872166666665,0,75.1,33.7097368359837,80.90229030619592
61.085591,0,75.1,33.71293915809242,80.90229030619592
61.16873383333333,0,75.2,33.7478106034735,80.90229030619592
61.25222233333333,0,75.2,33.8133989769263,80.90229030619592
61.33575483333333,0,75.3,33.908910379969406,80.90229030619592
61.4191725,0,75.3,33.98099353902578,80.90229030619592
61.502743,0,75.4,34.13052246234338,80.90229030619592
61.58621783333333,0,75.4,34.313463587995265,80.90229030619592
61.66955083333333,0,75.5,34.52916214662735,80.90229030619592
61.7533375,0,75.5,34.05819615396946,80.90229030619592
61.83666066666667,0,75.6,34.399712082051074,80.90229030619592
61.92050633333333,0,75.6,34.05387471364855,80.90229030619592
62.00421883333333,0,75.7,34.51886322515877,80.90229030619592
62.08792433333333,0,75.7,34.29748384871242,80.90229030619592
62.17150633333333,0,75.8,33.38723280847664,80.90229030619592
62.255089999999996,0,75.8,33.292827213890575,80.90229030619592
62.33882366666666,0,75.9,32.51320385659641,80.90229030619592
62.422284,0,75.9,32.54414738090693,80.90229030619592
62.50639816666667,0,76.0,31.888548399155226,80.90229030619592
62.58947783333333,0,76.0,32.761223627810104,80.90229030619592
62.6732175,0,76.0,32.88608225498786,80.90229030619592
62.756547999999995,0,76.1,33.76051587726851,80.90229030619592
62.840253000000004,0,76.1,33.88547406917043,80.90229030619592
62.924195999999995,0,76.2,34.040921701664736,80.90229030619592
63.0075495,0,76.2,34.229874597805406,80.90229030619592
63.09157666666667,0,76.2,34.4497095983501,80.90229030619592
63.174535166666665,0,76.3,34.700817971450306,80.90229030619592
63.25796483333333,0,76.3,34.982656310124604,80.90229030619592
63.34167983333333,0,76.4,34.57750224339411,80.90229030619592
63.42548666666667,0,76.4,34.98369341846144,80.90229030619592
63.50926683333333,0,76.6,34.702679295588936,80.90229030619592
63.59272566666667,0,76.6,35.23359916747718,80.90229030619592
63.67646216666667,0,76.7,35.08076061739087,80.90229030619592
63.76004666666666,0,76.7,34.24040295865141,80.90229030619592
63.8441625,0,76.7,34.21117582085334,80.90229030619592
63.92698983333334,0,76.8,33.49572155490526,80.90229030619592
64.01059416666666,0,76.8,32.87149708354754,80.90229030619592
64.09403116666667,0,76.9,32.33540175841535,80.90229030619592
64.17777833333334,0,76.9,31.116253443877767,80.90229030619592
64.26148266666667,0,76.9,30.711289663167,80.90229030619592
64.34494483333333,0,77.0,29.620579025062337,80.90229030619592
64.4288155,0,77.0,28.622842399842142,80.90229030619592
64.51170116666667,0,77.1,27.717704541484377,80.90229030619592
64.59520416666666,0,77.1,27.68623029621746,80.90229030619592
64.67880116666666,0,77.1,27.09359265575056,80.90229030619592
64.762658,0,77.2,27.437238403539872,80.90229030619592
64.84598616666666,0,77.2,27.937150503256564,80.90229030619592
64.9297395,0,77.2,27.811445282671187,80.90229030619592
65.01485633333333,0,77.3,28.562514485909972,80.90229030619592
65.09733916666667,0,77.3,28.688901597602538,80.90229030619592
65.180775,0,77.4,28.971025403131332,80.90229030619592
65.26421783333333,0,77.4,29.407836337903905,80.90229030619592
65.34787250000001,0,77.4,29.220422181234888,80.90229030619592
65.43153600000001,0,77.5,29.906634969235448,80.90229030619592
65.51504633333333,0,77.5,29.9673950129763,80.90229030619592
65.598541,0,77.5,30.186367896694023,80.90229030619592
65.68196833333333,0,77.6,30.562962341980263,80.90229030619592
65.76542283333333,50,77.7,30.3146729870168,81.0159327000144
65.84885516666667,50,77.7,30.940548520388507,81.12954490884508
65.93218866666666,50,77.8,30.943842497331314,81.2430225334821
66.01587183333334,50,77.8,30.3226010184843,81.35697630927983
66.099715,50,77.8,30.568358260036682,81.47114796168108
66.183491,50,77.9,30.193483664809595,81.5852281512998
66.26685766666667,50,77.9,30.692990704090256,81.6987509399411
66.35067983333333,50,78.0,30.568249646125743,81.81289399603814
66.4342,50,78.0,30.53727195179585,81.92662581004599
66.51792433333333,50,78.0,30.600203139483973,82.04063564367813
66.60119850000001,50,78.1,30.037900226191468,82.15403247240803
66.684864,50,78.1,29.569655843645222,82.26796219099742
66.76820066666667,50,78.2,29.195183927886266,82.38144412777557
66.85153233333334,50,78.2,29.69571092503595,82.49491925590983
66.93486383333334,50,78.2,30.290976207289578,82.60839415708932
67.01864633333334,50,78.3,30.981905060549618,82.72248319794505
67.10224183333332,50,78.3,31.76555849028531,82.83631759552037
67.18584366666667,50,78.4,32.57794156597007,82.95016061737796
67.2694405,50,78.4,33.42096172791065,83.06399683059166
67.35284899999999,50,78.5,33.5771830377194,83.1775765848866
67.43619583333333,50,78.5,34.54504546745675,83.29107236590725
67.519959,50,78.5,34.823032291845166,83.40513508000674
67.60343616666667,50,78.6,35.13535751810926,83.51880833967738
67.68705200000001,50,78.6,36.19767857135571,83.63267042573776
67.77049616666666,50,78.7,36.50898670242006,83.7462987483589
67.85382666666666,50,78.8,37.570862989878634,83.8597722878096
67.93718366666667,50,78.8,37.88417443870852,83.97328191307278
68.02083583333334,50,78.9,38.168027152125546,84.08719347527855
68.104781,50,79.0,39.13660825816086,84.20150402401457
68.18818666666667,50,79.0,39.292336798450904,84.31507992007799
68.2717855,50,79.0,39.41599184444961,84.42891885674923
68.35510666666667,50,79.1,39.5088014120179,84.54237968673142
68.43926183333333,50,79.1,40.28903784961995,84.65697619850958
68.521852,50,79.2,40.97739729327509,84.76944160475928
68.60547083333333,50,79.3,40.790951362574965,84.88330777600598
68.68918316666667,50,79.3,41.226752317153654,84.99730126889287
68.77264066666666,50,79.4,41.508631369965016,85.11094774789764
68.85618266666667,50,79.4,41.633731080315684,85.22470929298369
68.93951650000001,50,79.5,42.38413729574722,85.33818737153032
69.02333716666666,50,79.6,42.26014026812953,85.45232838503418
69.10693566666667,50,79.6,42.76056690540866,85.56616686779584
69.19054,50,79.6,43.88273291108012,85.68001329397534
69.27392816666666,50,79.7,44.129315765668146,85.79356535978523
69.35750583333333,50,79.8,44.219198679088386,85.90737547319748
69.44084966666667,50,79.9,44.15347721502027,86.02086716903182
69.52418566666667,50,79.9,43.928944733601114,86.13434819799079
69.60824033333333,50,80.0,44.27184360563244,86.24880785602734
69.69118183333333,0,80.1,44.45945169290027,86.24880785602734
69.77490483333334,0,80.1,44.49023618040898,86.24880785602734
69.85851433333333,0,80.2,45.80238497656421,86.24880785602734
69.94218516666668,0,80.2,46.116703563845014,86.24880785602734
70.02568716666667,0,80.3,46.931951590035524,86.24880785602734
70.10931616666666,0,80.4,47.52737361788105,86.24880785602734
70.19313716666667,0,80.4,47.903730423460246,86.24880785602734
70.27674466666666,0,80.5,47.99878960751711,86.24880785602734
70.36037416666667,0,80.5,47.812469334162365,86.24880785602734
70.44385266666667,0,80.6,48.12494733191342,86.24880785602734
70.52733833333333,0,80.7,48.21824105211825,86.24880785602734
70.6106765,0,80.7,47.37456611875927,86.24880785602734
70.69418366666666,0,80.8,47.09001285392885,86.24880785602734
70.777519,0,81.0,46.65149407119562,86.24880785602734
70.86085333333334,0,81.0,46.05523442421064,86.24880785602734
70.94435800000001,0,81.1,45.30376284310789,86.24880785602734
71.02785116666666,0,81.1,44.395696417566185,86.24880785602734
71.11136766666667,0,81.2,44.050110661086,86.24880785602734
71.19483183333334,0,81.3,43.548918246391054,86.24880785602734
71.27855516666666,0,81.3,42.89007471461871,86.24880785602734
71.36217616666667,0,81.4,42.79084797363552,86.24880785602734
71.44600366666666,0,81.4,41.75479695957636,86.24880785602734
71.5297345,0,81.4,41.281506219815675,86.24880785602734
71.61332816666668,0,81.5,40.65257864149195,86.24880785602734
71.697126,0,81.5,39.866505849759506,86.24880785602734
71.78084166666666,0,81.6,38.92563874019999,86.24880785602734
71.86423333333333,0,81.6,39.39013675760818,86.24880785602734
71.947829,0,81.7,39.044457310363626,86.24880785602734
72.03142416666667,0,81.8,38.66834614840948,86.24880785602734
72.11483533333333,0,81.8,38.26185358394062,86.24880785602734
72.19848316666668,0,81.9,37.82434947811837,86.24880785602734
72.28246516666667,0,82.0,38.13658520176468,86.24880785602734
72.36613733333334,0,82.0,37.70181792060496,86.24880785602734
72.44966966666667,0,82.1,37.299959633408875,86.24880785602734
72.5332425,0,82.1,36.929152474037885,86.24880785602734
72.61746566666667,0,82.2,36.52619869676491,86.24880785602734
72.70095116666667,0,82.2,36.09280607569275,86.24880785602734
72.78435950000001,0,82.3,34.910519026283914,86.24880785602734
72.86816733333333,0,82.3,34.476142224904024,86.24880785602734
72.95177433333333,0,82.3,33.292649289341696,86.24880785602734
73.03544033333333,0,82.4,32.858851575631824,86.24880785602734
73.1191805,0,82.4,33.17485109258938,86.24880785602734
73.20277750000001,0,82.5,32.74175257545188,86.24880785602734
73.28608883333334,0,82.5,33.05775665008512,86.24880785602734
73.36944066666668,0,82.5,33.40435794749636,86.24880785602734
73.4528325,0,82.6,33.05421885826417,86.24880785602734
73.5364715,0,82.7,33.526526959330965,86.24880785602734
73.61996216666667,0,82.7,33.31259362629988,86.24880785602734
73.70343650000001,0,82.7,33.90675707865694,86.24880785602734
73.78700083333332,0,82.8,33.81475762211735,86.24880785602734
73.8708275,0,82.8,33.81608832193204,86.24880785602734
73.95416183333333,0,82.9,33.90891171867901,86.24880785602734
74.03749,0,83.0,33.316072409736925,86.24880785602734
74.12127066666667,0,83.0,32.81557576961534,86.24880785602734
74.20486749999999,0,83.1,31.69050627887198,86.24880785602734
74.28831716666667,0,83.1,31.439352702770705,86.24880785602734
74.37415333333334,0,83.1,31.282340943338262,86.24880785602734
74.455378,0,83.2,30.438796828642193,86.24880785602734
74.53882183333333,0,83.2,29.68828721206629,86.24880785602734
74.62256699999999,0,83.3,29.09410378668944,86.24880785602734
74.70602216666667,0,83.3,28.656270670178746,86.24880785602734
74.78981966666666,0,83.3,27.593667245854895,86.24880785602734
74.87361466666667,0,83.4,27.406088489290443,86.24880785602734
74.95681833333333,0,83.4,26.59360840813151,86.24880785602734
75.0405385,0,83.4,25.937547391874478,86.24880785602734
75.12396616666666,0,83.4,26.219045050062245,86.24880785602734
75.2074885,0,83.5,25.937979337546746,86.24880785602734
75.29115166666666,0,83.6,25.8761976891986,86.24880785602734
75.37482216666666,0,83.6,26.033545384977465,86.24880785602734
75.45868733333333,0,83.6,26.339842387162797,86.24880785602734
75.54215333333333,0,83.6,26.54943962150925,86.24880785602734
75.62577216666666,0,83.7,26.479592246117598,86.24880785602734
75.709554,0,83.7,27.331824718166395,86.24880785602734
75.79293633333333,0,83.8,27.63430616883609,86.24880785602734
75.87648683333333,0,83.8,27.382934820800102,86.24880785602734
75.96015366666666,0,83.8,27.348873361883925,86.24880785602734
76.04367283333333,0,83.9,27.52937041496114,86.24880785602734
76.1272675,50,83.9,27.15128272991235,86.36264111882872
76.21060533333333,50,83.9,26.92538289024111,86.47612464429042
76.29408133333334,50,84.0,26.856960180815644,86.5897963152775
76.377654,50,84.1,27.008716943127492,86.70359962004586
76.54341283333332,50,84.1,27.376131799151892,86.92931819263995
76.54523950000001,50,84.1,27.182144953574372,86.93180561719718
76.628093,50,84.2,26.422484480077898,87.04462961202356
76.71164816666666,50,84.2,25.8843840440795,87.1584090865384
76.79515733333334,50,84.2,25.558803323065547,87.27212592152975
76.87857616666668,50,84.2,25.45631132309723,87.38571974702202
76.9621695,50,84.3,24.8473801228974,87.49955119418502
77.04612083333333,50,84.3,24.455907329111422,87.61387014024845
77.12948116666666,50,84.4,24.28610343316568,87.72738430460754
77.21302933333332,50,84.4,24.33487528634632,87.84115424702098
77.29655733333334,50,84.4,23.813513528347354,87.95489672790421
77.38013183333334,50,84.5,24.243363960973674,88.06870252917533
77.463474,50,84.5,24.899791354796328,88.18219195546172
77.54758,50,84.5,24.783652666747155,88.29672151557526
77.63048083333332,50,84.5,25.12287852587798,88.4096099655635
77.71461616666666,50,84.6,26.400226259630692,88.52417946972103
77.797839,50,84.6,27.83438200668834,88.63750639637395
77.881975,50,84.6,28.64468593704357,88.75207680835067
77.96514133333334,50,84.7,29.54996967948319,88.86532679732795
78.04893683333333,50,84.7,30.549830676635477,88.97943354065772
78.13247416666667,50,84.8,30.92400979951662,89.09318873100949
78.21608533333334,50,84.8,32.17233868723937,89.2070444623356
78.29970999999999,50,84.9,32.79666280226757,89.32091857700011
78.38326633333334,50,84.9,33.51572563987047,89.43469964019857
78.46695666666668,50,84.9,34.329364832571486,89.54866317505248
78.55097183333332,50,85.0,34.52023499587652,89.66306904480251
78.63463300000001,50,85.1,34.80194298781298,89.77699286256727
78.7179055,50,85.2,34.40081603946434,89.89038742174918
78.80148766666666,50,85.2,34.808338292831685,90.00420366294087
78.88482066666667,50,85.3,34.53163502560238,90.11768060671352
78.9681545,50,85.3,33.56646525457843,90.23115868526014
79.051806,50,85.3,33.41334299453831,90.34506933964673
79.13547066666668,50,85.4,33.289471350977216,90.45899792346216
79.21911300000001,50,85.4,33.19674703160979,90.572896095335
79.30247,50,85.5,32.41713006795107,90.68640572059816
79.38588916666666,50,85.5,31.730625312103687,90.8
79.46947066666667,0,85.5,31.135640418697754,90.8
79.55306333333333,0,85.6,29.855324747364556,90.8
79.63645916666667,0,85.6,29.385239575940986,90.8
79.72012783333334,0,85.7,29.72683284612057,90.8
79.80346899999999,0,85.7,30.161690629501923,90.8
79.88680366666667,0,85.7,30.690798502412935,90.8
79.97059716666666,0,85.8,31.31373448546786,90.8
80.05435716666666,0,85.9,32.03204707610967,90.8
80.13798316666667,0,85.9,32.06273854953907,90.8
80.22140533333334,0,85.9,32.18598841351628,90.8
80.30503483333334,0,85.9,32.402470370513086,90.8
80.38913366666667,0,86.0,32.7130019417021,90.8
80.4721325,0,86.0,32.39850627387883,90.8
80.55579900000001,0,86.1,32.17705746481573,90.8
80.63925233333333,0,86.2,32.049954780435975,90.8
80.72310800000001,0,86.2,31.298154464908812,90.8
80.80645849999999,0,86.3,31.420625068793846,90.8
80.89012783333334,0,86.3,30.921071574694484,90.8
80.97346399999999,0,86.4,29.798944891411985,90.8
81.05713433333332,0,86.4,29.54939673306956,90.8
81.14082333333334,0,86.4,29.455167504335698,90.8
81.224422,0,86.5,28.79931587437715,90.8
81.30804216666667,0,86.5,28.300266475316242,90.8
81.39193783333333,0,86.5,27.177486297124524,90.8
81.47575083333334,0,86.6,26.208771741917776,90.8
81.559127,0,86.6,25.397774067327862,90.8
81.643049,0,86.6,24.743289452067785,90.8
81.72650466666667,0,86.7,24.307780054129054,90.8
81.80987449999999,0,86.7,23.372262159477344,90.8
81.893346,0,86.7,23.43436245593025,90.8
81.9770545,0,86.8,22.99924156624576,90.8
82.06067233333333,0,86.8,22.84659115219552,90.8
82.14425166666666,0,86.8,22.974575850137327,90.8
82.22780516666666,0,86.9,22.600681877732246,90.8
82.31129416666667,0,86.9,23.227365320851305,90.8
82.39502583333334,0,86.9,23.35450908728128,90.8
82.47860766666666,0,87.0,22.980896030625523,90.8
82.561986,0,87.0,22.886742484399438,90.8
82.6455255,0,87.0,23.074138416262155,90.8
82.72911866666666,0,87.0,22.760846119761084,90.8
82.81321833333332,0,87.1,23.446529629182415,90.8
82.89604316666666,0,87.1,23.633326797289367,90.8
82.9793705,0,87.1,23.3208929419027,90.8
83.06278116666667,0,87.2,23.28924578157227,90.8
83.14711033333333,0,87.2,23.538789336988152,90.8
83.23014516666666,0,87.3,23.287559103547384,90.8
83.3137055,0,87.3,23.31934748598712,90.8
83.39733466666667,0,87.3,22.91470580255578,90.8
83.481185,0,87.3,22.072202261928656,90.8
83.56478266666667,0,87.4,22.29099931599644,90.8
83.64837299999999,0,87.4,22.07303100141003,90.8
83.732113,0,87.5,21.418076137488605,90.8
83.815616,0,87.5,20.325322789512835,90.8
83.89916566666668,0,87.5,19.573771884594784,90.8
83.9826695,0,87.5,19.16855492567053,90.8
84.06611533333333,0,87.6,18.32638098687353,90.8
84.15011333333334,0,87.6,17.82736035732123,90.8
84.23299783333333,0,87.6,17.67077905706892,90.8
84.31643566666666,0,87.6,17.859008159108747,90.8
84.40007533333332,0,87.6,17.673055480670012,90.8
84.48353616666667,0,87.7,17.112068542040184,90.8
84.56717133333333,0,87.7,16.175944630630745,90.8
84.65070083333333,0,87.7,16.364112279842328,90.8
84.73444433333333,0,87.7,16.177651295873282,90.8
84.81831683333333,0,87.7,16.39683061477622,90.8
84.90144466666666,0,87.8,16.30415339601123,90.8
84.985099,0,87.8,15.899352978540207,90.8
85.06895233333333,0,87.8,15.18099326219022,90.8
85.152344,0,87.9,15.650710243826836,90.8
85.2357575,0,87.9,15.806741327995304,90.8
85.31908583333335,0,87.9,15.651309974750566,90.8
85.40266633333334,0,87.9,15.90187637264589,90.8
85.48610583333333,0,87.9,15.776805294003092,90.8
85.56947266666667,0,88.0,16.057712062576055,90.8
85.65288633333333,0,88.0,16.026135286988502,90.8
85.73640116666667,0,88.0,15.681751105570589,90.8
85.81973466666666,0,88.0,15.024085979947726,90.8
85.90310366666667,0,88.0,14.77224119438316,90.8
85.98710333333334,0,88.0,14.92606937091577,90.8
86.0701055,0,88.1,15.48686633626455,90.8
86.1537675,0,88.1,15.671856588950886,90.8
86.2374485,0,88.1,16.26213046881592,90.8
86.32110416666667,0,88.2,16.5403661985373,90.8
86.404895,0,88.2,16.507616868538253,90.8
86.488676,0,88.2,16.162886909970524,90.8
86.57208383333334,0,88.2,16.224399202017402,90.8
86.6557715,0,88.2,16.69175102326483,90.8
86.73955316666667,0,88.2,16.84787495245851,90.8
86.823346,0,88.3,16.692545355565002,90.8
86.90734199999999,0,88.3,16.226112322763147,90.8
86.99033100000001,0,88.4,16.1647623199017,90.8
87.074169,0,88.4,15.728450866780197,90.8
87.15776266666666,0,88.4,15.699236564826734,90.8
87.24136133333333,0,88.4,15.357171376704011,90.8
87.3246925,0,88.4,14.702779790373626,90.8
87.4082985,0,88.4,14.51731097282546,90.8
87.49173183333333,0,88.5,14.081975908190914,90.8
87.57521650000001,0,88.5,13.396026016432398,90.8
87.65867666666666,0,88.5,13.178723563433042,90.8
87.74213583333334,0,88.5,12.64846864089807,90.8
87.82557216666667,0,88.5,11.805750885502473,90.8
87.90942816666667,0,88.6,11.43130231389569,90.8
87.99291816666667,0,88.6,10.806740602687999,90.8
88.0763845,0,88.6,11.431944997474494,90.8
88.16021866666667,0,88.6,11.088176554954305,90.8
88.2437305,0,88.6,11.275336960783703,90.8
88.3270595,0,88.6,11.212740477073073,90.8
88.41041983333334,0,88.6,10.900179642824988,90.8
88.49408533333333,0,88.6,10.33767014706996,90.8
88.5774215,0,88.7,11.024680665311994,90.8
88.661171,0,88.7,11.462079257926957,90.8
88.74452316666667,0,88.7,11.649379521845106,90.8
88.82808316666667,0,88.7,11.58700575247166,90.8
88.91141966666666,0,88.7,11.274938846284098,90.8
88.99508733333333,0,88.8,11.493356740760127,90.8
89.07875316666667,0,88.7,11.5242165602518,90.8
89.16229433333334,0,88.8,11.367476267138137,90.8
89.24564583333333,0,88.8,11.022953377243304,90.8
89.32941749999999,0,88.8,11.209688515952156,90.8
89.41298166666667,0,88.8,11.147159283451886,90.8
89.4963865,0,88.9,10.834859359822946,90.8
89.57974866666666,0,88.9,10.990846875542225,90.8
89.66357066666667,0,88.9,11.615356974120322,90.8
89.74703766666666,0,88.9,11.989876377137552,90.8
89.830523,0,88.9,12.11497034967187,90.8
89.91408183333334,0,88.9,11.990090287603024,90.8
89.99774333333333,0,88.9,11.615571407556061,90.8
90.0814645,0,88.9,11.771392602382939,90.8
90.16499283333334,0,88.9,10.959448227695098,90.8
90.24840016666667,0,89.0,10.678230082996095,90.8
90.33173,0,89.0,10.210272269078054,90.8
90.41541366666667,0,89.0,9.554514372906084,90.8
90.49892,0,89.1,9.42953680420556,90.8
90.58251583333333,0,89.1,9.835595718488468,90.8
90.665931,0,89.1,10.054411294831006,90.8
90.74943433333333,0,89.1,10.085517590885159,90.8
90.8330795,0,89.1,9.929556878549471,90.8
90.9166915,0,89.1,9.586183516511555,90.8
91.000475,0,89.1,9.773397870942915,90.8
91.08381,0,89.1,9.710837785253856,90.8
91.167402,0,89.1,9.398139845891054,90.8
91.250739,0,89.1,8.83588963301925,90.8
91.33437783333333,0,89.1,8.804638499013425,90.8
91.41794383333333,0,89.2,8.586519120780988,90.8
91.50140916666666,0,89.2,8.898859601759396,90.8
91.58511183333333,0,89.2,9.742094030919501,90.8
91.6686255,0,89.2,9.679841568710506,90.8
91.75203916666666,0,89.2,10.929213531537261,90.8
91.83565983333332,0,89.2,11.928539329341838,90.8
91.91950299999999,0,89.3,12.677935373375238,90.8
92.00286916666667,0,89.3,13.176752909999779,90.8
92.08663616666666,0,89.3,13.424948062427076,90.8
92.17007249999999,0,89.3,13.423908821193269,90.8
92.25340583333333,0,89.3,13.173305326901346,90.8
92.33673866666668,0,89.3,12.673121459174936,90.8
92.42030433333333,0,89.4,11.923693408702057,90.8
92.50389266666666,0,89.4,11.704678008903967,90.8
92.58746433333334,0,89.3,12.016854352636157,90.8
92.67088633333333,0,89.5,12.079000034512365,90.8
92.75498083333332,0,89.5,11.891347150753676,90.8
92.8384035,0,89.5,11.454195430523653,90.8
92.92235966666667,0,89.5,10.76728478170605,90.8
93.00606933333333,0,89.5,10.610851541123536,90.8
93.08954683333333,0,89.5,10.267871758370553,90.8
93.17300883333334,0,89.5,9.737543623554254,90.8
93.25673183333333,0,89.5,9.020058027493047,90.8
93.34006500000001,0,89.5,8.833013371828763,90.8
93.42372983333334,0,89.5,8.396590834007503,90.8
93.50706416666667,0,89.6,8.490927683844053,90.8
93.59073233333334,0,89.6,8.39797267828055,90.8
93.67444533333332,0,89.6,7.336752735363776,90.8
93.75806316666667,0,89.6,7.587927876317764,90.8
93.84169833333334,0,89.6,7.7135402344115835,90.8
93.92506133333333,0,89.6,7.714472725731662,90.8
94.00839866666666,0,89.6,7.58990005391908,90.8
94.09188916666666,0,89.6,7.340010326828617,90.8
94.1754915,0,89.6,6.965161754613385,90.8
94.25911533333333,0,89.7,6.465166997276367,90.8
94.34241983333334,0,89.7,5.840051819113142,90.8
94.42605449999999,0,89.7,5.089780507356174,90.8
94.50959583333334,0,89.7,4.933559574640228,90.8
94.59303100000001,0,89.7,4.652171784787422,90.8
94.67639166666666,0,89.7,5.026704330529651,90.8
94.75999666666667,0,89.7,5.276040475052655,90.8
94.843464,0,89.7,5.398404031831614,90.8
94.92705566666666,0,89.7,5.397982167288524,90.8
95.01072233333333,0,89.7,5.272987121378131,90.8
95.09430166666667,0,89.7,5.023360751777224,90.8
95.17805849999999,0,89.7,4.649216345375932,90.8
95.26172516666666,0,89.7,4.867474303595476,90.8
95.34572516666667,0,89.7,5.678108271653613,90.8
95.428946,0,89.8,6.364286995832784,90.8
95.51261933333333,0,89.7,6.92559084716226,90.8
95.59628066666666,0,89.8,7.362385853687374,90.8
95.68005600000001,0,89.8,7.674871889645206,90.8
95.7674175,0,89.8,7.863078121197312,90.8
95.847193,0,89.8,7.926436085475139,90.8
95.93072066666667,0,89.8,7.865266213090072,90.8
96.01437216666667,0,89.8,7.679029257699538,90.8
96.09771266666667,0,89.8,7.367647638214903,90.8
96.18138333333333,0,89.9,6.931184493707263,90.8
96.26471783333334,0,89.9,6.369704268881885,90.8
96.34851083333334,0,89.9,5.683090761641988,90.8
96.43227883333334,0,89.9,4.871342096279484,90.8
96.5156465,0,89.9,5.434107527738974,90.8
96.59903483333333,0,89.9,5.090259219226384,90.8
96.68251966666666,0,89.9,5.3405681118500405,90.8
96.76618666666667,0,89.9,5.4659267245491465,90.8
96.8496625,0,89.9,5.463889578568981,90.8
96.93337933333333,0,89.9,5.339233481090564,90.8
97.01703966666666,0,89.9,5.0898016169804405,90.8
97.10067166666667,0,89.9,4.715424422654502,90.8
97.18408433333333,0,89.9,4.21588714590023,90.8
97.26759316666666,0,89.9,4.372311421065047,90.8
97.35101266666666,0,89.9,4.466591135902054,90.8
97.43461966666666,0,90.0,4.498123827017451,90.8
97.51904166666667,0,90.0,4.4671355914008375,90.8
97.60170883333333,0,90.0,4.373688676150927,90.8
97.68504183333333,0,90.0,4.936225987332759,90.8
97.76857166666666,0,90.0,5.373949713591991,90.8
97.85205016666666,0,90.0,5.686274097160082,90.8
97.93538383333333,0,90.0,5.874109423994908,90.8
98.01882583333332,0,90.0,5.936649949694542,90.8
98.10267916666666,0,90.0,5.87404915823688,90.8
98.18603983333333,0,90.0,5.686177360983348,90.8
98.26937050000001,0,90.0,5.3733249932224485,90.8
98.35302433333334,0,90.0,4.935534591989535,90.8
98.4363545,0,90.0,4.372991428519933,90.8
98.51996533333333,0,90.0,4.466164269557414,90.8
98.60368033333334,0,90.1,4.49584976293702,90.8
98.68703283333333,0,90.1,4.463928587425758,90.8
98.77132516666666,0,90.1,4.369639640079928,90.8
98.85400433333334,0,90.1,4.21276921724491,90.8
98.93778466666667,0,90.1,3.9936764170625767,90.8
99.0213645,0,90.1,3.7122985530753616,90.8
99.10518283333333,0,90.1,3.3685598266137435,90.8
99.18887533333333,0,90.1,3.6803111132864093,90.8
99.2725325,0,90.1,3.1496605853265742,90.8
99.35603383333334,0,90.1,3.2743642882422335,90.8
99.4396975,0,90.1,3.274324377274526,90.8
99.52367133333334,0,90.1,3.149613194266973,90.8
99.60697366666666,0,90.1,2.9002167830619627,90.8
99.69069900000001,0,90.1,3.3054913877439924,90.8
99.77459533333332,0,90.1,3.6486391604395885,90.8
99.85813950000001,0,90.1,3.929085796848914,90.8
99.94190333333334,0,90.1,4.148024669328614,90.8
100.02575483333334,0,90.1,4.3046527422374945,90.8
100.10935133333334,0,90.2,4.39912665488363,90.8
100.19300716666666,0,90.1,5.148323803511198,90.8
100.2766805,0,90.2,5.055859035892885,90.8
100.36013633333333,0,90.2,5.618109168415787,90.8
100.44356533333334,0,90.2,6.055556314702159,90.8
100.5270055,0,90.2,6.368733258798808,90.8
100.61069199999999,0,90.2,6.556858891856747,90.8
100.69425066666666,0,90.2,6.620315897876811,90.8
100.77762633333333,0,90.2,6.558773492803723,90.8
100.86102566666666,0,90.2,6.372080312970087,90.8
100.94450716666667,0,90.2,6.060414345457398,90.8
101.02791733333333,0,90.2,5.623410308649416,90.8
101.11143516666667,0,90.3,5.061315352187488,90.8
101.19478416666666,0,90.2,5.154916324509358,90.8
101.278887,0,90.3,4.404853663511223,90.8
101.36287999999999,0,90.3,4.310872823352844,90.8
101.44556133333333,0,90.3,4.154162628556818,90.8
101.52902750000001,0,90.3,3.9354367748555372,90.8
101.61269216666668,0,90.3,4.372679927000068,90.8
101.69617233333334,0,90.3,4.684872699157058,90.8
101.77958216666666,0,90.3,4.8721316960795376,90.8
101.8630245,0,90.3,4.93454717719198,90.8
101.94665783333333,0,90.3,4.8721984645105305,90.8
102.03002433333333,0,90.3,4.684895133319877,90.8
102.11404633333333,0,90.3,4.372735921803336,90.8
102.19764816666667,0,90.3,4.716614220298793,90.8
102.28102466666667,0,90.3,4.216877856860382,90.8
102.36497933333332,0,90.3,4.372797416514151,90.8
102.44802733333333,0,90.3,4.465919623720667,90.8
102.5314965,0,90.4,4.49710192926891,90.8
102.61509099999999,0,90.4,4.465815375421452,90.8
102.69849983333334,0,90.4,4.37196157207871,90.8
102.78202033333334,0,90.4,4.215567234774633,90.8
102.86535566666666,0,90.4,3.9966530649050687,90.8
102.948959,0,90.4,3.715279591846967,90.8
103.03234833333335,0,90.4,3.371414645149224,90.8
103.115878,0,90.4,2.9651276480230537,90.8
103.19956133333334,0,90.4,2.4963150629804147,90.8
103.2832995,0,90.4,1.965306500162701,90.8
103.36668433333332,0,90.4,1.3722538175968673,90.8
103.45034799999999,0,90.4,0.7172649682334246,90.8
103.53394783333333,0,90.4,1.9698065003912495e-26,90.8
103.61749566666667,0,90.4,6.0759926367807334e-27,90.8
103.701194,0,90.4,3.164489008639716e-26,90.8
103.78495116666667,0,90.4,0.7172392755915571,90.8
103.86863149999999,0,90.4,1.3720771784399104,90.8
103.95228516666667,0,90.4,1.964664891940616,90.8
104.03601433333334,0,90.4,2.494763216181728,90.8
104.11990483333334,0,90.4,2.962649826491225,90.8
104.20363316666668,0,90.4,3.3683858369625987,90.8
104.28698100000001,0,90.4,3.7118561444446474,90.8
104.37067900000001,0,90.4,3.992858541188099,90.8
104.45415333333334,0,90.4,4.211661894121957,90.8
104.537513,0,90.4,4.368178114330813,90.8
104.621565,0,90.4,4.462487833236598,90.8
104.70467433333333,0,90.5,4.494267062735272,90.8
104.78833983333332,0,90.5,4.463690677487255,90.8
104.87238216666667,0,90.5,4.37030625090359,90.8
104.955625,0,90.5,4.214070430517179,90.8
105.039049,0,90.5,4.713909471466144,90.8
105.12233833333333,0,90.5,5.088820099866692,90.8
105.20587233333333,0,90.5,4.620418811980557,90.8
105.28966866666667,0,90.5,4.807661725864127,90.8
105.37333083333333,0,90.5,4.869948314549689,90.8
105.45675733333334,0,90.5,4.807151635273296,90.8
105.5401125,0,90.5,4.619588278916779,90.8
105.62394916666668,0,90.5,3.589022669842834,90.8
105.70733266666667,0,90.5,2.496386801880716,90.8
105.7912185,0,90.5,2.8396210408298157,90.8
105.87524716666667,0,90.5,3.1203271366037946,90.8
105.95766516666667,0,90.6,3.338363852845663,90.8
106.04165316666668,0,90.6,3.4939760708131695,90.8
106.12532883333334,0,90.5,3.587595740408439,90.8
106.20886399999999,0,90.6,3.618879753981331,90.8
106.2928215,0,90.6,3.587754628572358,90.8
106.37666233333334,0,90.6,3.494269426654392,90.8
106.46015583333333,0,90.6,3.3382568601125318,90.8
106.5437945,0,90.5,3.1200807267339155,90.8
106.62733166666668,0,90.5,2.839613849222177,90.8
106.71099116666666,0,90.6,2.4965111968399696,90.8
106.79460816666668,0,90.6,2.0908853159915806,90.8
106.87799683333333,0,90.6,1.6226799447372091,90.8
106.96197733333332,0,90.6,1.0921369135727061,90.8
107.04480816666667,0,90.6,1.9977805541247808,90.8
107.12863283333333,0,90.6,2.1227796707380455,90.8
107.2123175,0,90.6,1.4670643496457778,90.8
107.29565433333333,0,90.6,2.2477797426993873,90.8
107.37941433333334,0,90.6,2.965832250557483,90.8
107.46265050000001,0,90.6,3.6211683203115657,90.8
107.54598566666667,0,90.6,4.214050482501409,90.8
107.629716,0,90.6,3.2460841328270282,90.8
107.71331500000001,0,90.6,2.934060837471848,90.8
107.79714066666668,0,90.6,3.2772513685303797,90.8
107.88097816666668,0,90.6,3.5580003409127863,90.8
107.96465383333334,0,90.7,3.7763224927905044,90.8
108.04821516666667,0,90.6,3.93205945890339,90.8
108.13181166666666,0,90.6,4.025840374609584,90.8
108.21547716666666,0,90.7,4.057028640416598,90.8
108.29896216666667,0,90.7,4.02587875638998,90.8
108.38265616666666,0,90.7,3.932613245882748,90.8
108.466154,0,90.7,3.776955744644535,90.8
108.55002183333333,0,90.6,3.5589078667766687,90.8
108.63298883333333,0,90.7,3.2783524605522354,90.8
108.71654666666666,0,90.7,2.9351434304006467,90.8
108.8001055,0,90.7,2.5293620440767093,90.8
108.88398616666666,0,90.7,2.0609786722581407,90.8
108.967316,0,90.7,1.5300542316243946,90.8
109.05097716666667,0,90.7,1.7173949307196346,90.8
109.13461383333333,0,90.7,1.1240118410634,90.8
109.21797933333333,0,90.7,0.4681540925164598,90.8
109.301312,0,90.7,0.5306204436141779,90.8
109.38464466666666,0,90.7,0.5930914919733749,90.8
109.46831066666667,0,90.7,0.6548357290410132,90.8
109.55197949999999,0,90.7,0.7172974681643437,90.8
109.63560866666666,0,90.7,0.0,90.8
109.71912133333333,0,90.7,0.0,90.8
109.80264433333333,0,90.7,0.0,90.8
109.88619616666666,0,90.7,0.0,90.8
109.97012400000001,0,90.7,0.0,90.8
110.05330733333334,0,90.7,0.0,90.8
110.13672733333333,0,90.7,0.0,90.8
110.22030683333334,0,90.7,0.0,90.8
110.3039,0,90.7,0.0,90.8
110.39297116666665,0,90.7,0.0,90.8
110.47085766666666,0,90.7,0.0,90.8
110.5547035,0,90.7,0.0,90.8
110.63830216666666,0,90.7,0.0,90.8
110.72163483333333,0,90.7,0.0,90.8
110.80520083333333,0,90.7,0.0,90.8
110.888602,0,90.7,0.0,90.8
110.97196716666667,0,90.7,0.0,90.8
111.05530316666668,0,90.7,0.0,90.8
111.139149,0,90.7,0.0,90.8
111.22269766666668,0,90.7,0.0,90.8
111.30650299999999,0,90.7,0.0,90.8
111.38996483333332,0,90.7,0.0,90.8
111.473626,0,90.7,0.0,90.8
111.55696016666667,0,90.7,0.0,90.8
111.64037083333334,0,90.7,0.7181278115735215,90.8
111.724295,0,90.7,0.6555578893661849,90.8
111.80786266666667,0,90.7,0.5930655379420884,90.8
111.89166150000001,0,90.7,0.5305500137973241,90.8
111.9749955,0,90.7,0.46802788156159203,90.8
112.0583555,0,90.7,0.4055526069812537,90.8
112.14195633333333,0,90.7,0.34314691652583723,90.8
112.22562783333333,0,90.7,0.2807468540286349,90.8
112.30963266666667,0,90.7,0.9357893455631466,90.8
112.392967,0,90.7,1.5284303709539162,90.8
112.47657066666667,0,90.7,1.341099324258778,90.8
112.56029550000001,0,90.8,1.8713618551773006,90.8
112.64401583333334,0,90.7,2.3393278444816237,90.8
112.72746599999999,0,90.7,2.745020836632488,90.8
112.81129583333333,0,90.7,3.0882474935937805,90.8
112.89520816666668,0,90.7,3.369282732960927,90.8
112.97880083333332,0,90.7,3.5878434881150763,90.8
113.06211083333334,0,90.7,3.7442331167523606,90.8
113.1455725,0,90.7,3.8384187944866515,90.8
113.22895466666667,0,90.8,3.870180741256862,90.8
113.31254183333333,0,90.8,3.839571202227086,90.8
113.39661416666667,0,90.7,3.7462379809420163,90.8
113.47994683333333,0,90.8,3.5904359807065536,90.8
113.56380966666667,0,90.8,3.372021895839917,90.8
113.646952,0,90.8,3.872268407638515,90.8
113.73047700000001,0,90.8,3.591414457986134,90.8
113.813614,0,90.8,3.248096408697941,90.8
113.89726816666666,0,90.8,2.8420893045366844,90.8
113.98078266666667,0,90.8,2.373654024192272,90.8
114.064325,0,90.8,1.8428059712076474,90.8
114.14793516666667,0,90.8,1.249385904031806,90.8
114.2313045,0,90.8,0.593290262031744,90.8
114.31488933333334,0,90.8,0.6556994528209459,90.8
114.39859916666667,0,90.8,0.718266006467459,90.8
114.48229683333332,0,90.8,0.0,90.8
114.56563283333332,0,90.8,0.0,90.8
114.649107,0,90.8,0.0,90.8
114.73256383333333,0,90.8,0.0,90.8
114.81619416666668,0,90.8,0.0,90.8
114.89948816666667,0,90.8,0.0,90.8
114.98281966666666,0,90.8,0.0,90.8
115.06628083333332,0,90.8,0.0,90.8
115.15020200000001,0,90.8,0.0,90.8
115.23466699999999,0,90.8,0.0,90.8
115.31694900000001,0,90.8,0.0,90.8
115.40104883333333,0,90.8,0.0,90.8
115.48386033333334,0,90.8,0.0,90.8
115.56745416666666,0,90.8,0.0,90.8
115.65082283333334,0,90.8,0.0,90.8
115.73439199999999,0,90.8,0.0,90.8
115.8177285,0,90.8,0.0,90.8
115.90116316666666,0,90.8,0.0,90.8
115.98465383333334,0,90.8,0.0,90.8
116.06877133333333,0,90.8,0.0,90.8
116.15235783333333,0,90.8,0.0,90.8
116.23561066666666,0,90.8,0.0,90.8
116.31903533333333,0,90.8,0.0,90.8
116.40287616666667,0,90.8,6.94435139541667e-27,90.8
116.48829633333334,0,90.8,1.0624446865425983e-26,90.8
116.56957883333334,0,90.8,7.991739463445316e-27,90.8
116.65326850000001,0,90.8,1.1451118075317504e-26,90.8
116.736605,0,90.8,0.0,90.8
116.820067,0,90.8,0.0,90.8
119.01071916666668,0,90.8,0.0,90.8
119.16201650000001,0,90.8,0.0,90.8
119.17772733333332,0,90.8,-6.3228129223632955e-27,90.8
119.261105,0,90.8,6.380144555152836e-27,90.8
119.59484033333334,0,90.8,8.34551371377854e-27,90.8
